link	title	location	image	area	price
https://batdongsan.com.vn//cho-thue-can-ho-chung-cu-pho-giang-vo-phuong-giang-vo-prj-chung-cu-d2-giang-vo/trung-tam-giua-long-ha-noi-86m2-2-pn-16tr-thang-pr18159134	Cho thuê căn hộ D2 Giảng Võ, trung tâm giữa lòng Hà Nội - 86m2 - 2PN - 16tr/tháng	Cho thuê căn hộ chung cư tại Chung cư D2 Giảng Võ - Quận Ba Đình - Hà Nội	https://file4.batdongsan.com.vn/resize/745x510/2018/10/24/20181024144104-e679_wm.jpg	86m²	18 triệu/tháng
https://batdongsan.com.vn//cho-thue-can-ho-chung-cu-pho-ngoc-khanh-phuong-giang-vo-prj-chung-cu-15-17-ngoc-khanh/chinh-chu-tai-15-17-ba-dinh-135m-3-pn-14tr-thang-pr18340429	Chính chủ cho thuê căn hộ tại chung cư 15-17 Ngọc Khánh, Ba Đình, 135m2 - 3PN - 14tr/tháng	Cho thuê căn hộ chung cư tại Chung cư 15-17 Ngọc Khánh - Quận Ba Đình - Hà Nội	https://file4.batdongsan.com.vn/resize/745x510/2019/05/22/20190522153618-a07d_wm.jpg	135m²	14 triệu/tháng
https://batdongsan.com.vn//cho-thue-can-ho-chung-cu-duong-pham-van-dong-phuong-co-nhue-1-prj-green-stars/hot-hot-star-2pn-74m2-gia-7tr-thang-full-noi-that-ban-0946-93-9922-pr11092279	Cho thuê chung cư Green Stars: 3PN, 102m2, giá 7 tr/tháng, full nội thất cơ bản (LH: 0916.79.8285)	Cho thuê căn hộ chung cư tại Green Stars - Quận Bắc Từ Liêm - Hà Nội	https://file4.batdongsan.com.vn/resize/745x510/2018/06/23/20180623171822-7487_wm.jpg	74m²	7 triệu/tháng
https://batdongsan.com.vn//cho-thue-nha-rieng-duong-vu-trong-phung-phuong-thanh-xuan-trung/so-11-ngo-98-1-chinh-chu-van-phong-chi-nu-hoac-ho-gia-dinh-o-dep-co-dieu-hoa-nl-pr19326698	Số 11, ngõ 98/1 chính chủ cho thuê tầng 2 35m2 : Nội thất đẹp, có điều hòa, nóng lạnh, phòng thông	Cho thuê nhà riêng tại Đường Vũ Trọng Phụng - Quận Thanh Xuân - Hà Nội	https://file4.batdongsan.com.vn/resize/745x510/2019/02/11/20190211104509-32f9_wm.jpg	35m²	5 triệu/tháng
https://batdongsan.com.vn//cho-thue-kho-nha-xuong-dat-quan-7/chinh-chu-trong-va-ngoai-kcn-q7dt-50m2-100m2-500m2-1000m2-5-10-000m2-gia-50-000d-pr13775860	Chính chủ cho thuê kho trong và ngoài KCN Q7 DT: 50m2, 100m2- 500m2-1000m2, 5-10,000m2 giá: 50,000đ	Cho thuê kho, nhà xưởng, đất tại Quận 7 - Hồ Chí Minh	https://file4.batdongsan.com.vn/resize/745x510/2017/10/11/20171011093216-b7cd_wm.jpg	500m²	Thỏa thuận
https://batdongsan.com.vn//cho-thue-can-ho-chung-cu-duong-le-van-luong-phuong-nhan-chinh-prj-ha-noi-center-point/xem-nha-ngay-tu-1pn-den-3pn-gia-tu-10-tr-th-lh-0936660708-pr20535218	Xem nhà ngay căn hộ Center Point Lê Văn Lương từ 1PN đến 3PN, giá từ 10 tr/tháng. LH: 0936660708	Cho thuê căn hộ chung cư tại Hà Nội Center Point - Quận Thanh Xuân - Hà Nội	https://file4.batdongsan.com.vn/resize/745x510/2019/05/02/20190502142243-3a9e_wm.jpg	63m²	11 triệu/tháng
https://batdongsan.com.vn//cho-thue-can-ho-chung-cu-phuong-van-phuc-1-prj-khu-do-thi-moi-duong-noi/chcc-ct7c-kdt-ha-dong-56m2-2pn-1vs-nguyen-ban-3-5-trieu-thang-pr20885932	CHCC CT7C KĐT Dương Nội, Hà Đông, 56m2, 2PN, 1VS, nguyên bản, 3.5 triệu/tháng	Cho thuê căn hộ chung cư tại Khu đô thị mới Dương Nội - Quận Hà Đông - Hà Nội	nan	56m²	3.5 triệu/tháng
https://batdongsan.com.vn//cho-thue-can-ho-chung-cu-phuong-duong-noi-prj-the-sparks/chcc-ct7b-kdt-ha-dong-55m2-2pn-1vs-nguyen-ban-3-5-trieu-thang-pr20858003	CHCC CT7B KĐT Dương Nội, Hà Đông, 55m2, 2PN, 1VS, nguyên bản, 3.5 triệu/tháng	Cho thuê căn hộ chung cư tại The Sparks - Quận Hà Đông - Hà Nội	nan	55m²	3.5 triệu/tháng
https://batdongsan.com.vn//cho-thue-kho-nha-xuong-dat-xa-phu-minh-2/tai-soc-son-ha-noi-dt-1600m2-gia-re-gan-san-bay-noi-bai-pr20814321	Cho thuê xưởng tại xã Phú Minh, Sóc Sơn, Hà Nội, DT 1600m2 giá rẻ gần sân bay Nội Bài	Cho thuê kho, nhà xưởng, đất tại Xã Phú Minh - Huyện Sóc Sơn - Hà Nội	https://file4.batdongsan.com.vn/resize/745x510/2019/05/20/20190520161536-0536_wm.jpg	1600m²	50 nghìn/m2/tháng
https://batdongsan.com.vn//cho-thue-nha-mat-pho-duong-xa-lo-ha-noi-phuong-thao-dien/dat-850m2-2mt-p-to-quan-2-ngay-cach-vincom-pr17396198	Cho thuê nhà đất 850m2 2MT Xa Lộ Hà Nội, P. Thảo Điền, Quận 2, ngay cạch Vincom	Cho thuê nhà mặt phố tại Đường Xa Lộ Hà Nội - Quận 2 - Hồ Chí Minh	https://file4.batdongsan.com.vn/resize/745x510/2018/08/27/20180827142000-c3b9_wm.jpg	850m²	295 triệu/tháng
https://batdongsan.com.vn//cho-thue-nha-rieng-phuong-duong-noi/ngo-180-ha-dong-50m2x2-tang-2pn-1vs-nguyen-ban-4-trieu-thang-pr20807043	Ngõ 180 Dương Nội, Hà Đông, 95m2 x 2 tầng, 1PN, 1VS, nguyên bản, 8 triệu/tháng	Cho thuê nhà riêng tại Phường Dương Nội - Quận Hà Đông - Hà Nội	nan	95m²	8 triệu/tháng
https://batdongsan.com.vn//cho-thue-can-ho-chung-cu-pho-thai-ha-3/mini-khu-thinh-pr7643662	Cho thuê chung cư mini khu phố Thái Hà, Thái Thịnh	Cho thuê căn hộ chung cư tại Phố Thái Hà - Quận Đống Đa - Hà Nội	https://file4.batdongsan.com.vn/resize/745x510/2015/08/13/20150813102957-7f81.jpg	45m²	4 triệu/tháng
https://batdongsan.com.vn//cho-thue-nha-tro-phong-tro-duong-van-cao-phuong-lieu-giai/chinh-chu-khep-kin-du-tien-nghi-ngo-67-ba-dinh-pr20561291	Chính chủ cho thuê phòng khép kín đủ tiện nghi ngõ 67 Văn Cao, Ba Đình	Cho thuê nhà trọ, phòng trọ tại Đường Văn Cao - Quận Ba Đình - Hà Nội	https://file4.batdongsan.com.vn/resize/745x510/2019/05/15/20190515155224-41f8_wm.jpg	20m²	3 triệu/tháng
https://batdongsan.com.vn//cho-thue-can-ho-chung-cu-duong-lac-long-quan-phuong-phu-thuong-1-prj-pentstudio/duplex-1-png-ngu-dang-cap-5-sao-tai-699-tay-pr20269178	Cho thuê căn hộ PentStudio Duplex 1 phòng ngủ, đẳng cấp 5 sao tại 699 Lạc Long Quân -Tây Hồ	Cho thuê căn hộ chung cư tại PentStudio - Quận Tây Hồ - Hà Nội	https://file4.batdongsan.com.vn/resize/745x510/2019/05/23/20190523162813-698d_wm.jpg	60m²	Thỏa thuận
https://batdongsan.com.vn//cho-thue-kho-nha-xuong-dat-duong-5-xa-duong-xa/chinh-chu-500m2-1000m2-1500m2-2000m2-tai-gia-lam-091-190-8888-pr20819080	CHÍNH CHỦ CHO THUÊ KHO XƯỞNG 500M2-1000M2-1500M2-2000M2 TẠI DƯƠNG XÁ GIA LÂM. 091.190.8888	Cho thuê kho, nhà xưởng, đất tại Đường 5 - Huyện Gia Lâm - Hà Nội	https://file4.batdongsan.com.vn/resize/745x510/2019/05/21/20190521084928-714f_wm.jpg	500m²	70 nghìn/m2/tháng
https://batdongsan.com.vn//cho-thue-nha-rieng-duong-xuan-dieu-phuong-quang-an-2/biet-thu-ho-boi-4-tg-ngo-tay-ho-ha-noi-pr10147056	Cho thuê biệt thự hồ bơi 4 tầng, ngõ Xuân Diệu, Quảng An, Tây Hồ, Hà Nội	Cho thuê nhà riêng tại Đường Xuân Diệu - Quận Tây Hồ - Hà Nội	https://file4.batdongsan.com.vn/resize/745x510/2016/08/28/20160828114835-1e4a.jpg	300m²	70 triệu/tháng
https://batdongsan.com.vn//cho-thue-can-ho-chung-cu-pho-hoang-dao-thuy-phuong-trung-hoa-4-prj-khu-do-thi-trung-hoa-nhan-chinh/ang-17t-18t-24t-34t-n04-n05-chi-tu-10tr-0916-24-26-28-pr11634061	Cho thuê căn hộ chung cư Hoàng Đạo Thúy 17T, 18T, 24T, 34T chỉ từ 10tr-0916.24.26.28.	Cho thuê căn hộ chung cư tại Khu đô thị Trung Hòa - Nhân Chính - Quận Cầu Giấy - Hà Nội	https://file4.batdongsan.com.vn/resize/745x510/2017/03/03/20170303191857-4c68_wm.jpg	83m²	8.5 triệu/tháng
https://batdongsan.com.vn//cho-thue-can-ho-chung-cu-duong-nguyen-van-linh-xa-binh-hung-1-prj-mizuki-park/eme-s-nam-sai-gon-moi-100-gia-chi-4-trieu-th-lh-090-262-5040-pr20750272	CHO THUÊ CĂN HỘ EHOME S NAM SÀI GÒN MỚI 100% - GIÁ CHỈ 4 TRIỆU/TH - LH: 090 262 5040	Cho thuê căn hộ chung cư tại Mizuki Park - Huyện Bình Chánh - Hồ Chí Minh	https://file4.batdongsan.com.vn/resize/745x510/2019/05/15/20190515202507-e559_wm.jpg	40m²	4 triệu/tháng
https://batdongsan.com.vn//cho-thue-can-ho-chung-cu-duong-nguyen-van-linh-xa-binh-hung-1-prj-mizuki-park/an-tai-ehome-s-nam-sai-gon-moi-100-gia-chi-tu-4-6-trieu-thang-lh-090-262-5040-pr20777785	An cư tại Ehome S Nam Sài Gòn mới 100% - giá chỉ từ 4 - 6 triệu/tháng - Lh: 090 262 5040	Cho thuê căn hộ chung cư tại Mizuki Park - Huyện Bình Chánh - Hồ Chí Minh	https://file4.batdongsan.com.vn/resize/745x510/2019/05/17/20190517132208-8413_wm.jpg	50m²	5 triệu/tháng
https://batdongsan.com.vn//cho-thue-can-ho-chung-cu-duong-nguyen-van-linh-xa-binh-hung-1-prj-mizuki-park/eme-s-nam-sai-gon-moi-100-gia-chi-4-5-trieu-th-lh-090-262-5040-pr20750442	Cho thuê căn hộ Ehome S Nam Sài Gòn mới 100% - giá chỉ 4,5 triệu/th - lh: 090 262 5040	Cho thuê căn hộ chung cư tại Mizuki Park - Huyện Bình Chánh - Hồ Chí Minh	https://file4.batdongsan.com.vn/resize/745x510/2019/05/15/20190515205620-127e_wm.jpg	46m²	4.5 triệu/tháng
https://batdongsan.com.vn//cho-thue-can-ho-chung-cu-duong-nguyen-van-linh-xa-binh-hung-1/eme-s-nam-sai-gon-moi-100-gia-chi-5-trieu-th-lh-090-262-5040-pr20750461	Cho thuê căn hộ Ehome S Nam Sài Gòn mới 100% - giá chỉ 5 triệu/th - lh: 090 262 5040	Cho thuê căn hộ chung cư tại Đường Nguyễn Văn Linh - Huyện Bình Chánh - Hồ Chí Minh	https://file4.batdongsan.com.vn/resize/745x510/2019/05/15/20190515205927-78a0_wm.jpg	50m²	5 triệu/tháng
https://batdongsan.com.vn//cho-thue-can-ho-chung-cu-duong-nguyen-van-linh-xa-binh-hung-1-prj-mizuki-park/eme-s-nam-sai-gon-moi-100-gia-chi-7-trieu-th-lh-090-262-5040-pr20750524	Cho thuê căn hộ Ehome S Nam Sài Gòn mới 100% - giá chỉ 7 triệu/th - lh: 090 262 5040	Cho thuê căn hộ chung cư tại Mizuki Park - Huyện Bình Chánh - Hồ Chí Minh	https://file4.batdongsan.com.vn/resize/745x510/2019/05/15/20190515210757-4cd6_wm.jpg	60m²	7 triệu/tháng
https://batdongsan.com.vn//cho-thue-can-ho-chung-cu-duong-nguyen-van-linh-xa-binh-hung-1-prj-mizuki-park/eme-s-nam-sai-gon-moi-100-gia-chi-7-5-trieu-th-lh-090-262-5040-pr20750569	Cho thuê căn hộ Ehome S Nam Sài Gòn mới 100% - giá chỉ 7,5 triệu/th - lh: 090 262 5040	Cho thuê căn hộ chung cư tại Mizuki Park - Huyện Bình Chánh - Hồ Chí Minh	https://file4.batdongsan.com.vn/resize/745x510/2019/05/15/20190515211138-6398_wm.jpg	70m²	7.5 triệu/tháng
https://batdongsan.com.vn//cho-thue-can-ho-chung-cu-duong-nguyen-van-linh-xa-binh-hung-1-prj-mizuki-park/lien-ke-quan-7-gia-tot-lh-0902-62-50-40-pr19560626	Thuê căn hộ Ehome S Nam Sài Gòn - Cảm nhận cuộc sống gia đình - Chỉ 4tr/tháng - LH 090 262 5040	Cho thuê căn hộ chung cư tại Mizuki Park - Huyện Bình Chánh - Hồ Chí Minh	https://file4.batdongsan.com.vn/resize/745x510/2019/02/28/20190228091555-a689_wm.jpg	40m²	4 triệu/tháng
https://batdongsan.com.vn//cho-thue-can-ho-chung-cu-duong-le-van-luong-phuong-van-phuc-1-prj-khu-do-thi-moi-duong-noi/107m2-3pn-2wc-nha-co-san-go-tu-bep-gia-5tr-tg-lh-0963-23-0000-pr19122800	Cho thuê chung cư Dương Nội 107m2, 3pn, 2wc nhà có sàn gỗ tủ bếp giá 5tr/th, lh 0963.23.0000	Cho thuê căn hộ chung cư tại Khu đô thị mới Dương Nội - Quận Hà Đông - Hà Nội	https://file4.batdongsan.com.vn/resize/745x510/2019/01/05/20190105105726-bb34_wm.jpg	107m²	5 triệu/tháng
https://batdongsan.com.vn//cho-thue-can-ho-chung-cu-duong-xa-lo-ha-noi-phuong-thao-dien-prj-masteri-thao-dien/pentuse-that-dep-lau-40-gia-49tr-that-cuc-sang-lh-0919181125-pr13277369	Căn hộ penthouse Masteri Thảo Điền nội thất đẹp lầu 40 giá 49tr, nội thất cực sang, LH: 0919181125	Cho thuê căn hộ chung cư tại Masteri Thảo Điền - Quận 2 - Hồ Chí Minh	https://file4.batdongsan.com.vn/resize/745x510/2017/08/15/20170815122407-4bf3_wm.jpg	215m²	49 triệu/tháng
https://batdongsan.com.vn//cho-thue-kho-nha-xuong-dat-my-hao-hy/dt-1500m2-2200m2-3000m2-5000m2-10-000m2-kcn-pho-noi-b-hung-yen-pr9715323	Cho thuê kho xưởng DT: 1500m2, 2200m2, 3000m2, 5000m2, 10.000m2 KCN Phố Nối B, Mỹ Hào, Hưng Yên	Cho thuê kho, nhà xưởng, đất tại Huyện Mỹ Hào - Hưng Yên	https://file4.batdongsan.com.vn/resize/745x510/2017/04/10/20170410144609-ae92_wm.jpg	2200m²	40 nghìn/m2/tháng
https://batdongsan.com.vn//cho-thue-kho-nha-xuong-dat-duong-quoc-lo-5a-xa-bach-sam/cong-ty-dai-phat-dt-6000m2-my-hao-hung-yen-lh-0979-929-686-pr18458435	Công ty Đại Phát cho thuê kho xưởng DT 6000m2, Bạch Sam, Mỹ Hào, Hưng Yên. LH 0979 929 686	Cho thuê kho, nhà xưởng, đất tại Đường Quốc Lộ 5A - Huyện Mỹ Hào - Hưng Yên	https://file4.batdongsan.com.vn/resize/745x510/2018/11/14/20181114163537-d7f8_wm.jpg	6000m²	45 nghìn/m2/tháng
https://batdongsan.com.vn//cho-thue-nha-rieng-duong-le-van-luong-phuong-duong-noi-prj-khu-do-thi-moi-an-hung/biet-thu-ha-dong-pr18080685	Cho thuê biệt thự An Hưng Dương Nội, Hà Đông	Cho thuê nhà riêng tại Khu đô thị mới An Hưng - Quận Hà Đông - Hà Nội	https://file4.batdongsan.com.vn/resize/745x510/2018/10/18/20181018091717-da2e_wm.jpg	95m²	20 triệu/tháng
https://batdongsan.com.vn//cho-thue-nha-tro-phong-tro-duong-ho-dac-di-phuong-tay-thanh/duha-mes-25m2-cao-cap-du-noi-that-ben-ng-sieu-thi-pandora-11-36-tp-pr18604477	Duha Homes: Phòng 25m2 cao cấp đủ nội thất bên hông siêu thị Pandora, 11/36 Hồ Đắc Di, Tân Phú	Cho thuê nhà trọ, phòng trọ tại Đường Hồ Đắc Di - Quận Tân Phú - Hồ Chí Minh	https://file4.batdongsan.com.vn/resize/745x510/2018/11/25/20181125191029-23d7_wm.jpg	25m²	3.9 triệu/tháng
https://batdongsan.com.vn//cho-thue-can-ho-chung-cu-pho-thai-ha-phuong-lang-ha-prj-song-hong-park-view/165-penthouse-220m2-full-noi-tt-np-ku-tre-trung-pr16641025	Cho thuê chung cư 165 Thái Hà, căn penthouse, 220m2, full nội thất nhập khẩu, trẻ trung	Cho thuê căn hộ chung cư tại Sông Hồng Park View - Quận Đống Đa - Hà Nội	https://file4.batdongsan.com.vn/resize/745x510/2018/07/02/20180702154507-92e9_wm.jpg	156m²	16 triệu/tháng
https://batdongsan.com.vn//cho-thue-kho-nha-xuong-dat-duong-dai-lo-doc-lap-158/kcn-song-than-50-100-300-400-500-m2-1000m2-2000m2-2500m2-5000m2-bao-ve-pr17864422	CHO THUÊ KHO, XƯỞNG KCN SÓNG THẦN 100, 300, 400, 500- 1000M2-2000M2-2500M2, 5000M2-10000M BẢO VỆ	Cho thuê kho, nhà xưởng, đất tại Đường Đại lộ Độc lập - Thị xã Dĩ An - Bình Dương	https://file4.batdongsan.com.vn/resize/745x510/2018/10/03/20181003115933-0e19_wm.jpg	100m²	Thỏa thuận
https://batdongsan.com.vn//cho-thue-nha-mat-pho-pho-vu-ngoc-phan-phuong-lang-ha/dep-nhat-dt-200m2-mt-15m-thong-san-showroom-tru-so-cty-pr19185901	Nhà đẹp nhất phố Vũ Ngọc Phan cho thuê DT 200m2, MT 15m, thông sàn (showroom, trụ sở công ty)	Cho thuê nhà mặt phố tại Phố Vũ Ngọc Phan - Quận Đống Đa - Hà Nội	https://file4.batdongsan.com.vn/resize/745x510/2019/01/11/20190111091643-4257_wm.jpg	200m²	50 triệu/tháng
https://batdongsan.com.vn//cho-thue-nha-mat-pho-duong-hoang-sa-48/cap-4-tan-tra-da-nang-gom-4pn-bang-kinh-doanh-tot-pr20825711	Cho thuê nhà cấp 4 Tân Trà, Đà Nẵng, gồm 4PN, mặt bằng kinh doanh tốt	Cho thuê nhà mặt phố tại Đường Hoàng Sa - Quận Ngũ Hành Sơn - Đà Nẵng	https://file4.batdongsan.com.vn/resize/745x510/2019/05/21/20190521120255-c709_wm.jpg	200m²	25 triệu/tháng
https://batdongsan.com.vn//cho-thue-can-ho-chung-cu-duong-ngo-tat-to-phuong-21-prj-city-garden/chinh-chu-gap-1pn-70m2-thap-moi-gia-1100-bpql-linh0934109739-pr20874476	Chính chủ cho thuê gấp căn hộ City Garden 1PN, 70m2 tháp mới giá thuê 25.9tr (BPQL). Linh0934109739	Cho thuê căn hộ chung cư tại City Garden - Quận Bình Thạnh - Hồ Chí Minh	https://file4.batdongsan.com.vn/resize/745x510/2019/05/23/20190523144516-c6d0_wm.jpg	70m²	25.9 triệu/tháng
https://batdongsan.com.vn//cho-thue-can-ho-chung-cu-phuong-tan-phong-9-prj-phu-my-hung/chuyen-ch-phuc-scenic-valley-happy-valley-green-valley-gia-chi-19trieu-th-0938043429-pr20152112	Chuyên cho thuê CH Hưng Phúc, Scenic Valley, Happy Valley, Green Valley giá chỉ 19tr/th 0938043429	Cho thuê căn hộ chung cư tại Phú Mỹ Hưng - Quận 7 - Hồ Chí Minh	https://file4.batdongsan.com.vn/resize/745x510/2019/04/04/20190404135445-88a0_wm.jpg	Không xác định	19 triệu/tháng
https://batdongsan.com.vn//cho-thue-can-ho-chung-cu-duong-nguyen-duc-canh-phuong-tan-phong-9-prj-grand-view/chinh-chu-ch-118m2-3pn-dep-nha-dep-gia-chi-tu-18tr-thang-lh-0938043429-pr20358894	Chính chủ cho thuê CH Grand View, 118m2, 3PN. View đẹp nhà đẹp giá chỉ từ 18tr/tháng, LH 0938043429	Cho thuê căn hộ chung cư tại Grand View - Quận 7 - Hồ Chí Minh	https://file4.batdongsan.com.vn/resize/745x510/2019/04/18/20190418093851-f5db_wm.jpg	118m²	18 triệu/tháng
https://batdongsan.com.vn//cho-thue-can-ho-chung-cu-grand-view/gap-ch-gia-re-dt-117m2-3pn-2wc-dep-chi-24tr-thang-lh-0938043429-pr17130281	Cho thuê gấp CH giá rẻ Grand View, DT 117m2, 3PN, 2WC, view đẹp chỉ 18tr/tháng, LH: 0938043429	Cho thuê căn hộ chung cư tại Grand View - Quận 7 - Hồ Chí Minh	https://file4.batdongsan.com.vn/resize/745x510/2018/08/07/20180807125346-8f40_wm.jpg	117m²	18 triệu/tháng
https://batdongsan.com.vn//cho-thue-can-ho-chung-cu-duong-nguyen-duc-canh-phuong-tan-phong-9-prj-grand-view/chuyen-ch-118m2-3pn-dep-nha-dep-gia-chi-tu-18tr-thang-lh-0938043429-pr18753554	Chuyên cho thuê CH Grand View, 118m2, 3PN. View đẹp, nhà đẹp giá chỉ từ 18tr/tháng, LH: 0938043429	Cho thuê căn hộ chung cư tại Grand View - Quận 7 - Hồ Chí Minh	https://file4.batdongsan.com.vn/resize/745x510/2018/12/06/20181206135525-50be_wm.jpg	118m²	18 triệu/tháng
https://batdongsan.com.vn//cho-thue-can-ho-chung-cu-duong-mai-chi-tho-phuong-an-phu-prj-the-sun-avenue/2pn-full-noi-that-dep-gia-re-nhat-ngay-trung-tam-quan-2-0909805246-ki-pr20865764	Cho thuê căn hộ 2PN full nội thất đẹp giá rẻ nhất ngay trung tâm Quận 2 (0909805246-Khôi)	Cho thuê căn hộ chung cư tại The Sun Avenue - Quận 2 - Hồ Chí Minh	https://file4.batdongsan.com.vn/resize/745x510/2019/05/23/20190523112146-6b4e_wm.jpg	73m²	14 triệu/tháng
https://batdongsan.com.vn//cho-thue-can-ho-chung-cu-duong-nguyen-duc-canh-phuong-tan-phong-9-prj-grand-view/ch-dien-tich-118m2-3pn-gia-yeu-thuong-chi-19tr-thang-lh-0938043429-pr17951469	Cho thuê CH Grand View, diện tích 118m2, 3PN. Giá yêu thương chỉ 19tr/tháng- LH: 0938043429	Cho thuê căn hộ chung cư tại Grand View - Quận 7 - Hồ Chí Minh	https://file4.batdongsan.com.vn/resize/745x510/2018/10/09/20181009114546-9a92_wm.jpg	118m²	19 triệu/tháng
https://batdongsan.com.vn//cho-thue-can-ho-chung-cu-duong-d1-phuong-tan-hung-14-prj-him-lam-riverside/khu-dan-hin-p-q7-pr20854414	Cho thuê căn hộ Him Lam Riverside đường D1 khu dân cư Hin Lam, p. Tân Hưng, Q7	Cho thuê căn hộ chung cư tại Him Lam Riverside - Quận 7 - Hồ Chí Minh	https://file4.batdongsan.com.vn/resize/745x510/2019/05/22/20190522184425-725c_wm.jpg	70m²	13 triệu/tháng
https://batdongsan.com.vn//cho-thue-can-ho-chung-cu-duong-nguyen-thi-soc-xa-xuan-thoi-dong-prj-hqc-hoc-mon/moi-ngay-dau-moi-gia-tu-4-5tr-den-5tr-th-co-2pn-2wc-lh-xem-nha-0909-456-158-pr13313904	Cho thuê căn hộ mới ngay chợ đầu mối giá 4 triệu/tháng có 2PN, 1WC. LH xem nhà 0909 456 158	Cho thuê căn hộ chung cư tại HQC Hóc Môn - Huyện Hóc Môn - Hồ Chí Minh	https://file4.batdongsan.com.vn/resize/745x510/2017/08/18/20170818222521-0bb3_wm.jpg	Không xác định	4 triệu/tháng
https://batdongsan.com.vn//cho-thue-can-ho-chung-cu-duong-nguyen-duc-canh-phuong-tan-phong-9-prj-grand-view/chuyen-gap-ch-gia-re-dien-tich-118m2-3pn-2wc-chi-19tr-thang-lh-0938043429-pr17283129	Chuyên cho thuê gấp CH giá rẻ Grand View, diện tích 118m2, 3PN, 2WC chỉ 19tr/tháng, LH 0938043429	Cho thuê căn hộ chung cư tại Grand View - Quận 7 - Hồ Chí Minh	https://file4.batdongsan.com.vn/resize/745x510/2018/08/18/20180818161214-da8d_wm.jpg	118m²	19 triệu/tháng
https://batdongsan.com.vn//cho-thue-can-ho-chung-cu-pho-hao-nam-phuong-o-cho-dua/mini-khu-tn-duc-thang-pr8999989	Cho thuê chung cư mini khu Ô Chợ Dừa - Tôn Đức Thắng	Cho thuê căn hộ chung cư tại Phố Hào Nam - Quận Đống Đa - Hà Nội	https://file4.batdongsan.com.vn/resize/745x510/2016/03/27/20160327120228-1d00.jpg	40m²	4.5 triệu/tháng
https://batdongsan.com.vn//cho-thue-can-ho-chung-cu-duong-de-la-thanh_1-phuong-o-cho-dua/mi-xay-khu-thanh-pr8446174	Cho thuê căn hộ chung cư mới xây khu Ô Chợ Dừa, Đê La Thành	Cho thuê căn hộ chung cư tại Đường Đê La Thành - Quận Đống Đa - Hà Nội	https://file4.batdongsan.com.vn/resize/745x510/2015/12/13/20151213113736-cf4d.jpg	55m²	8 triệu/tháng
https://batdongsan.com.vn//cho-thue-can-ho-chung-cu-duong-tay-son-prj-mipec-towers/goc-132m2-dep-nhat-toa-gia-14tr-thang-pr6270153	Cho thuê chung cư MIPEC, căn góc 132m2 đẹp nhất tòa giá 14tr/tháng	Cho thuê căn hộ chung cư tại MIPEC Towers - Quận Đống Đa - Hà Nội	https://file1.batdongsan.com.vn/guestthumb745x510.20141216143654325.jpg	132m²	14 triệu/tháng
https://batdongsan.com.vn//cho-thue-can-ho-chung-cu-duong-nguyen-duc-canh-phuong-tan-phong-9-prj-grand-view/chuyen-ch-gia-re-dt-117m2-full-nt-chi-20tr-thang-lh-0938043429-pr17159081	Chuyên cho thuê CH giá rẻ Grand View, DT 117m2, full NT, view chỉ 18tr/tháng. LH 0938043429	Cho thuê căn hộ chung cư tại Grand View - Quận 7 - Hồ Chí Minh	https://file4.batdongsan.com.vn/resize/745x510/2018/08/09/20180809104120-b455_wm.jpg	117m²	18 triệu/tháng
https://batdongsan.com.vn//cho-thue-kho-nha-xuong-dat-phuong-hiep-binh-phuoc/250m2-quoc-lo-13-p-quan-thu-duc-gan-nga-tu-trieu-pr20886674	Cho thuê kho xưởng 250m2 Quốc Lộ 13, P. Hiệp Bình Phước, Quận Thủ Đức, gần ngã tư Bình Triệu	Cho thuê kho, nhà xưởng, đất tại Phường Hiệp Bình Phước - Quận Thủ Đức - Hồ Chí Minh	nan	250m²	16 triệu/tháng
https://batdongsan.com.vn//cho-thue-kho-nha-xuong-dat-duong-doan-thi-kia-158/trong-hem-tan-long-tan-dong-hiep-di-an-pr19519213	Cho thuê đất trống Hẻm Đoàn Thị Kia, Tân Long, Tân Đông Hiệp, Dĩ An	Cho thuê kho, nhà xưởng, đất tại Đường Đoàn Thị Kia - Thị xã Dĩ An - Bình Dương	https://file4.batdongsan.com.vn/resize/745x510/2019/02/26/20190226112337-1a75_wm.jpg	153m²	Thỏa thuận
https://batdongsan.com.vn//cho-thue-nha-mat-pho-duong-o-phuong-tan-phong-9-prj-my-giang/goc-2-tien-phu-hung-pr20791540	Cho thuê nhà phố góc 2 mặt tiền Phú Mỹ Hưng	Cho thuê nhà mặt phố tại Mỹ Giang - Quận 7 - Hồ Chí Minh	https://file4.batdongsan.com.vn/resize/745x510/2019/05/18/20190518105014-13ef_wm.jpg	189m²	80 triệu/tháng
https://batdongsan.com.vn//cho-thue-nha-rieng-pho-hao-nam-phuong-o-cho-dua/ngo-38-dong-da-56m2x4-tang-4pn-4vs-co-ban-12-trieu-thang-pr20840455	Ngõ 38 Hào Nam, Đống Đa, 56m2 x 4 tầng, 4PN, 4VS, cơ bản, 12 triệu/tháng	Cho thuê nhà riêng tại Phố Hào Nam - Quận Đống Đa - Hà Nội	https://file4.batdongsan.com.vn/resize/745x510/2019/05/22/20190522090801-b278_wm.jpg	56m²	12 triệu/tháng
https://batdongsan.com.vn//cho-thue-nha-rieng-pho-hao-nam-phuong-o-cho-dua/4-tang-ng-172-nam-pr9143727	Cho thuê nhà riêng 4 tầng ở ngõ 172 Hào Nam	Cho thuê nhà riêng tại Phố Hào Nam - Quận Đống Đa - Hà Nội	nan	35m²	4.5 triệu/tháng
https://batdongsan.com.vn//cho-thue-nha-tro-phong-tro-duong-phu-do-phuong-phu-do/khu-vuc-my-dinh-pr19357693	Cho thuê phòng trọ khu vực Mỹ Đình	Cho thuê nhà trọ, phòng trọ tại Đường Phú Đô - Quận Nam Từ Liêm - Hà Nội	https://file4.batdongsan.com.vn/resize/745x510/2019/02/15/20190215102714-c14d_wm.jpg	22m²	Thỏa thuận
https://batdongsan.com.vn//cho-thue-nha-tro-phong-tro-pho-kham-thien-phuong-kham-thien/khep-kin-co-nong-lanh-dieu-hoa-ngo-103-ha-noi-pr19439379	Cho thuê phòng khép kín có nóng lạnh, điều hòa - ngõ 103 Khâm Thiên, Hà Nội	Cho thuê nhà trọ, phòng trọ tại Phố Khâm Thiên - Quận Đống Đa - Hà Nội	https://file4.batdongsan.com.vn/resize/745x510/2019/02/21/20190221091739-df08_wm.jpg	17m²	2 triệu/tháng
https://batdongsan.com.vn//cho-thue-can-ho-chung-cu-duong-dien-bien-phu-phuong-22-prj-vinhomes-central-park/chuyen-ch-1-2-3-4pn-gia-tot-nhat-landmark-81-gia-30tr-pr17577299	CHUYÊN CHO THUÊ CH VINHOMES CENTRAL PARK CĂN 1-2-3-4PN, GIÁ TỐT NHẤT. CĂN LANDMARK 81 GIÁ 30TR	Cho thuê căn hộ chung cư tại Vinhomes Central Park - Quận Bình Thạnh - Hồ Chí Minh	https://file4.batdongsan.com.vn/resize/745x510/2019/01/09/20190109092049-672c_wm.jpg	56m²	14 triệu/tháng
https://batdongsan.com.vn//cho-thue-can-ho-chung-cu-duong-dien-bien-phu-phuong-22-prj-vinhomes-central-park/gia-tot-chot-ngay-voi-nhieu-landmark-81-chi-tu-17-trieu-tai-vinhome-0909-925-194-pr20619458	Giá tốt chốt ngay với nhiều căn Landmark 81 chỉ từ 17 tr/th tại Vinhome Central Park - 0909.925.194	Cho thuê căn hộ chung cư tại Vinhomes Central Park - Quận Bình Thạnh - Hồ Chí Minh	https://file4.batdongsan.com.vn/resize/745x510/2019/05/07/20190507183856-f409_wm.jpg	80m²	17 triệu/tháng
https://batdongsan.com.vn//cho-thue-can-ho-chung-cu-phuong-hiep-binh-chanh-prj-opal-riverside/gia-tot-sky-center-gia-13-tr-th-74m2-2pn-18-tr-th-120m2-3pn-0911460747-pr19166514	CHO THUÊ CH OPAL RIVERSIDE NHÀ ĐẸP THOÁNG MÁT 2PN=10TR FULL NT 13TR/TH LH: 0902924008	Cho thuê căn hộ chung cư tại Opal Riverside - Quận Thủ Đức - Hồ Chí Minh	https://file4.batdongsan.com.vn/resize/745x510/2019/05/22/20190522091051-ee66_wm.jpg	74m²	10 triệu/tháng
https://batdongsan.com.vn//cho-thue-can-ho-chung-cu-pho-ton-duc-thang-prj-vinhomes-golden-river-ba-son/vinmes-2-quan-1-dt-69m2-gia-1200-bao-phi-view-dep-pr20512589	Cho thuê CH Vinhomes Golden River, 2 Tôn Đức Thắng, Q1, DT 69m2, 28 tr/th bao phí view đẹp	Cho thuê căn hộ chung cư tại Vinhomes Golden River Ba Son - Quận 1 - Hồ Chí Minh	https://file4.batdongsan.com.vn/resize/745x510/2019/04/27/20190427174317-a6c4_wm.jpg	69m²	28 triệu/tháng
https://batdongsan.com.vn//cho-thue-can-ho-chung-cu-duong-hong-ha-phuong-2-22-prj-botanica-premier/chinh-chu-1pn-10tr-2pn-13tr-80m2-3pn-18tr-nha-moi-bao-phi-0706679167-pr18561968	Chính chủ Botanica Premier 1PN=10tr, 2PN=13tr (80m2), 3PN=18tr - nhà mới - bao phí - 0706679167	Cho thuê căn hộ chung cư tại Botanica Premier - Quận Tân Bình - Hồ Chí Minh	https://file4.batdongsan.com.vn/resize/745x510/2018/11/22/20181122123525-fb69_wm.jpg	68m²	10 triệu/tháng
https://batdongsan.com.vn//cho-thue-can-ho-chung-cu-duong-hau-giang-phuong-11-3-prj-an-phu-apartment/ng-h-3-png-pr20888595	cho thuê ngắn hạn. Căn hộ An Phú 3 phòng	Cho thuê căn hộ chung cư tại An Phú Apartment - Quận 6 - Hồ Chí Minh	https://file4.batdongsan.com.vn/resize/745x510/2019/05/24/20190524115646-05f2_wm.jpg	95m²	Thỏa thuận
https://batdongsan.com.vn//cho-thue-can-ho-chung-cu-duong-nguyen-huu-canh-phuong-22-prj-vinhomes-central-park/chuyen-ch-landmrk81-1-2-3pn-gia-tot-nhat-lh-0911-727-678-officetel-dep-moi-pr20231611	Chuyên cho thuê CH Vinhomes Landmark 81 căn 1 - 2 - 3PN, giá tốt nhất. LH 0911.727.678 officetel	Cho thuê căn hộ chung cư tại Vinhomes Central Park - Quận Bình Thạnh - Hồ Chí Minh	https://file4.batdongsan.com.vn/resize/745x510/2019/04/09/20190409163657-8f2a_wm.jpg	56m²	27.78 triệu/tháng
https://batdongsan.com.vn//cho-thue-can-ho-chung-cu-duong-hong-ha-phuong-9-12-prj-can-ho-orchard-park-view/parkview-nhanh-officetel-full-noi-that-cuc-dep-gia-9tr-thang-0932100172-pr19354048	Orchard Park View cần cho thuê nhanh officetel full nội thất cực đẹp, giá: 9tr/tháng, 0932100172	Cho thuê căn hộ chung cư tại Căn hộ Orchard Park View - Quận Phú Nhuận - Hồ Chí Minh	https://file4.batdongsan.com.vn/resize/745x510/2019/02/15/20190215081657-0cfc_wm.jpg	32m²	9 triệu/tháng
https://batdongsan.com.vn//cho-thue-can-ho-chung-cu-duong-mai-chi-tho-phuong-binh-khanh-prj-sadora-apartment/cao-cap-khu-do-thi-sala-thu-thiem-q2-pr20880136	Cho thuê căn hộ cao cấp Sadora, khu đô thị Sala, Thủ Thiêm, Q2	Cho thuê căn hộ chung cư tại Sadora Apartment - Quận 2 - Hồ Chí Minh	https://file4.batdongsan.com.vn/resize/745x510/2019/05/23/20190523211923-6a6e_wm.jpg	88m²	17 triệu/tháng
https://batdongsan.com.vn//cho-thue-can-ho-chung-cu-phuong-la-khe-prj-khu-do-thi-van-khe/chcc-ct1-ha-dong-100m2-2pn-2vs-nguyen-ban-5-5-trieu-thang-pr20886826	CHCC CT1 Văn Khê, Hà Đông, 100m2, 2PN, 2VS, nguyên bản, 5.5 triệu/tháng 	Cho thuê căn hộ chung cư tại Khu đô thị Văn Khê - Quận Hà Đông - Hà Nội	nan	100m²	5.5 triệu/tháng
https://batdongsan.com.vn//cho-thue-can-ho-chung-cu-phuong-mo-lao/chcc-toa-b-an-lac-phung-khoang-ha-dong-82m2-2pn-2vs-co-ban-6-5-trieu-thang-pr20886728	CHCC Tòa B An Lạc, Phùng Khoang, Hà Đông, 82m2, 2PN, 2VS, cơ bản, 6.5 triệu/tháng	Cho thuê căn hộ chung cư tại Phường Mỗ Lao - Quận Hà Đông - Hà Nội	nan	82m²	6.5 triệu/tháng
https://batdongsan.com.vn//cho-thue-can-ho-chung-cu-phuong-la-khe-prj-khu-do-thi-van-khe/chcc-usikl-city-ha-dong-82m2-2pn-2vs-co-ban-6-5-trieu-thang-pr20886695	CHCC Usikl CiTy Văn Khê, Hà Đông, 82m2, 2PN, 2VS, cơ bản, 6.5 triệu/tháng 	Cho thuê căn hộ chung cư tại Khu đô thị Văn Khê - Quận Hà Đông - Hà Nội	nan	82m²	6.5 triệu/tháng
https://batdongsan.com.vn//cho-thue-can-ho-chung-cu-phuong-van-quan/chcc-thap-a-newskyline-ha-dong-105m2-2pn-2vs-du-do-10-5-trieu-thang-pr20886657	CHCC tháp A Newskyline  Văn Quán, Hà Đông, 105m2, 2PN, 2VS, đủ đồ, 10.5 triệu/tháng	Cho thuê căn hộ chung cư tại Phường Văn Quán - Quận Hà Đông - Hà Nội	nan	105m²	10.5 triệu/tháng
https://batdongsan.com.vn//cho-thue-can-ho-chung-cu-phuong-ha-cau/chcc-huyndai-dong-102m2-2pn-2vs-co-ban-10trieu-tng-pr20886597	CHCC Huyndai Hà Cầu, Hà Đông, 102m2, 2PN, 2VS, cơ bản, 10triệu/tháng	Cho thuê căn hộ chung cư tại Phường Hà Cầu - Quận Hà Đông - Hà Nội	nan	102m²	10 triệu/tháng
https://batdongsan.com.vn//cho-thue-can-ho-chung-cu-phuong-ha-cau/chcc-210-quang-trung-dong-110m-3pn-2vs-co-ban-5-5-trieu-tng-pr20886545	CHCC 210 Quang Trung, Hà Đông, 110m, 3PN, 2VS, cơ bản, 5.5 triệu/ tháng.	Cho thuê căn hộ chung cư tại Phường Hà Cầu - Quận Hà Đông - Hà Nội	nan	110m²	5.5 triệu/tháng
https://batdongsan.com.vn//cho-thue-can-ho-chung-cu-phuong-mo-lao-prj-khu-do-thi-mo-lao/chcc-ct3-bac-ha-80m2-2pn-2vs-co-ban-6-trieu-thang-pr20886480	CHCC CT3 Bắc Hà, Mỗ Lao, 80m2, 2PN, 2VS, cơ bản, 6 triệu/tháng	Cho thuê căn hộ chung cư tại Khu đô thị Mỗ Lao - Quận Hà Đông - Hà Nội	https://file4.batdongsan.com.vn/resize/745x510/2019/05/24/20190524103845-032a_wm.jpg	80m²	6 triệu/tháng
https://batdongsan.com.vn//cho-thue-can-ho-chung-cu-phuong-van-quan-prj-chung-cu-so-7-tran-phu/chcc-197-ha-dong-71m2-2pn-2vs-co-ban-6-trieu-thang-pr20885686	CHCC 197 Trần Phú, Hà Đông, 71m2, 2PN, 2VS, cơ bản, 6 triệu/tháng 	Cho thuê căn hộ chung cư tại Chung cư số 7 Trần Phú - Quận Hà Đông - Hà Nội	nan	71m²	6 triệu/tháng
https://batdongsan.com.vn//cho-thue-can-ho-chung-cu-pho-lang-ha-phuong-lang-ha-prj-sky-city-towers-88-lang-ha/chcc-88-102-5m2-2ngu-du-do-17-trieu-lh-0904087499-pr18702693	Cho thuê CHCC Sky City 88 Láng Hạ 102.5m2, 2 phòng ngủ, đủ đồ, 17 tr/th, LH 0904087499	Cho thuê căn hộ chung cư tại Sky City Towers-88 Láng Hạ - Quận Đống Đa - Hà Nội	nan	102.5m²	17 triệu/tháng
https://batdongsan.com.vn//cho-thue-can-ho-chung-cu-pho-lang-ha-phuong-lang-ha-prj-sky-city-towers-88-lang-ha/88-3-ngu-do-co-ban-172m2-khong-gian-thoang-mat-pr17133247	Cho thuê chung cư Sky City Towers 88 Láng Hạ 3PN, đồ cơ bản, 172m2, không gian thoáng mát	Cho thuê căn hộ chung cư tại Sky City Towers-88 Láng Hạ - Quận Đống Đa - Hà Nội	https://file4.batdongsan.com.vn/resize/745x510/2018/08/07/20180807151837-5c8d_wm.jpg	172m²	19 triệu/tháng
https://batdongsan.com.vn//cho-thue-can-ho-chung-cu-pho-vu-ngoc-phan-phuong-lang-ha/cao-cap-2-phong-ngu-o-ngo-25-7-phan-pr15336845	Cho thuê chung cư cao cấp, 2 phòng ngủ ở ngõ 25/7 Vũ Ngọc Phan	Cho thuê căn hộ chung cư tại Phố Vũ Ngọc Phan - Quận Đống Đa - Hà Nội	nan	55m²	4 triệu/tháng
https://batdongsan.com.vn//cho-thue-can-ho-chung-cu-duong-hong-ha-phuong-2-22-prj-botanica-premier/novaland-95m2-3-p-ngu-day-du-noi-tt-22tr-th-canh-san-bay-pr19168232	Botanica Premier - Novaland 95m2, 3 phòng ngủ cho thuê đầy đủ nội thất 22tr/th Hồng Hà cạnh sân bay	Cho thuê căn hộ chung cư tại Botanica Premier - Quận Tân Bình - Hồ Chí Minh	https://file4.batdongsan.com.vn/resize/745x510/2019/01/09/20190109165733-7c98_wm.jpg	95m²	22 triệu/tháng
https://batdongsan.com.vn//cho-thue-can-ho-chung-cu-duong-to-ngoc-van-phuong-quang-an-2/3-png-ngu-tay-ha-noi-0981222026-pr10147918	Cho thuê căn 3 phòng ngủ Tô Ngọc Vân, Quảng An, Tây Hồ, Hà Nội, 0981222026	Cho thuê căn hộ chung cư tại Đường Tô Ngọc Vân - Quận Tây Hồ - Hà Nội	https://file4.batdongsan.com.vn/resize/745x510/2016/08/28/20160828224747-a677.jpg	160m²	44 triệu/tháng
https://batdongsan.com.vn//cho-thue-can-ho-chung-cu-duong-hong-ha-phuong-9-12-prj-orchard-garden/1pn-8tr-th-full-nt-10tr-th-2pn-14tr-th-full-nt-16tr-th-3pn-129m2-17tr-pr16990091	Cho thuê Orchard Garden 1PN 8tr/th, full NT 10tr/th, 2PN 14tr/th, full NT 16tr/th, 3PN 129m2 17tr	Cho thuê căn hộ chung cư tại Orchard Garden - Quận Phú Nhuận - Hồ Chí Minh	https://file4.batdongsan.com.vn/resize/745x510/2018/10/12/20181012145542-9bdf_wm.jpg	36m²	8 triệu/tháng
https://batdongsan.com.vn//cho-thue-can-ho-chung-cu-pho-ton-duc-thang-phuong-ben-nghe-prj-vinhomes-golden-river-ba-son/nhanh-vinmes-1pn-gia-850-usd-2pn-gia-1050-usd-lh-0934-032-767-pr20643667	Cho thuê nhanh căn hộ Vinhomes Golden River 1PN giá 19tr, 2PN giá 24.44tr - LH 0934 032 767	Cho thuê căn hộ chung cư tại Vinhomes Golden River Ba Son - Quận 1 - Hồ Chí Minh	https://file4.batdongsan.com.vn/resize/745x510/2019/05/09/20190509101036-2b6f_wm.jpg	50m²	19.5 triệu/tháng
https://batdongsan.com.vn//cho-thue-can-ho-chung-cu-duong-hoang-minh-giam-phuong-9-12-prj-garden-gate/chcc-orchard-quan-phu-nhuan-2pn-14tr-th-noi-that-dep-16-trieu-thang-0931230064-pr17653977	Cho thuê CHCC Orchard Garden, quận Phú Nhuận, 2PN 14tr/th, nội thất đẹp 16 triệu/tháng, 0931230064	Cho thuê căn hộ chung cư tại Garden Gate - Quận Phú Nhuận - Hồ Chí Minh	https://file4.batdongsan.com.vn/resize/745x510/2018/11/12/20181112163530-b56a_wm.jpg	80m²	14 triệu/tháng
https://batdongsan.com.vn//cho-thue-can-ho-chung-cu-pho-lang-ha-phuong-lang-ha-prj-sky-city-towers-88-lang-ha/xem-n-24-7-ch-88-gom-2-3pn-full-do-dep-vao-o-ngay-gia-11-15tr-lh-0987811616-pr16305510	Xem nhà 24/7 CH Sky City 88 Láng Hạ, gồm 2-3PN, full đồ đẹp vào ở ngay giá 11-15tr/th LH 0987811616	Cho thuê căn hộ chung cư tại Sky City Towers-88 Láng Hạ - Quận Đống Đa - Hà Nội	https://file4.batdongsan.com.vn/resize/745x510/2018/06/06/20180606111659-20ae_wm.jpg	112m²	14 triệu/tháng
https://batdongsan.com.vn//cho-thue-can-ho-chung-cu-pho-ton-duc-thang-phuong-ben-nghe-prj-vinhomes-golden-river-ba-son/chuyen-san-hang-gia-re-nhat-khu-vuc-chi-tu-780-goi-e-ngay-0931-490-975-pr20735326	Chuyên săn hàng Ba Son, giá rẻ nhất khu vực chỉ từ 18triệu, gọi em ngay 0931 490 975	Cho thuê căn hộ chung cư tại Vinhomes Golden River Ba Son - Quận 1 - Hồ Chí Minh	https://file4.batdongsan.com.vn/resize/745x510/2019/05/15/20190515090303-5308_wm.jpg	53m²	25 triệu/tháng
https://batdongsan.com.vn//cho-thue-can-ho-chung-cu-pho-ton-duc-thang-prj-vinhomes-golden-river-ba-son/vinmes-quan-1-2pn-gia-27tr-th-bao-phi-pr20876150	Cho thuê căn hộ Vinhomes Golden River quận 1, 2pn. Giá 27tr/th bao phí	Cho thuê căn hộ chung cư tại Vinhomes Golden River Ba Son - Quận 1 - Hồ Chí Minh	https://file4.batdongsan.com.vn/resize/745x510/2019/05/23/20190523154559-46c0_wm.jpg	69m²	27 triệu/tháng
https://batdongsan.com.vn//cho-thue-can-ho-chung-cu-duong-hong-ha-phuong-2-22-prj-botanica-premier/1pn-gia-12tr-2pn-gia-14tr-3pn-gia-18tr-lh-0938686699-pr19001402	Cho thuê căn hộ Botanica Premier 1PN giá 12tr, 2PN giá 14tr, 3PN giá 18tr. LH 0938686699	Cho thuê căn hộ chung cư tại Botanica Premier - Quận Tân Bình - Hồ Chí Minh	https://file4.batdongsan.com.vn/resize/745x510/2018/12/25/20181225162816-7b7b_wm.jpg	Không xác định	12 triệu/tháng
https://batdongsan.com.vn//cho-thue-can-ho-chung-cu-duong-hong-ha-prj-orchard-garden/officetel-canh-cong-vien-gia-dinh-phu-nhuan-full-noi-that-cao-cap-gia-11tr-can-pr16798778	Cho thuê officetel cạnh công viên Gia Định, Phú Nhuận, full nội thất cao cấp, giá 11tr/căn	Cho thuê căn hộ chung cư tại Orchard Garden - Quận Phú Nhuận - Hồ Chí Minh	https://file4.batdongsan.com.vn/resize/745x510/2018/07/13/20180713144637-efe9_wm.jpg	35m²	11 triệu/tháng
https://batdongsan.com.vn//cho-thue-can-ho-chung-cu-pho-lang-ha-phuong-lang-ha-prj-sky-city-towers-88-lang-ha/tower-88-139m2-3-ngu-hien-dai-thoang-mat-pr16819022	Cho thuê chung cư Sky Tower 88 Láng Hạ, 139m2, 3 ngủ hiện đại, thoáng mát	Cho thuê căn hộ chung cư tại Sky City Towers-88 Láng Hạ - Quận Đống Đa - Hà Nội	https://file4.batdongsan.com.vn/resize/745x510/2018/07/16/20180716083731-a8cd_wm.jpg	139m²	20 triệu/tháng
https://batdongsan.com.vn//cho-thue-can-ho-chung-cu-pho-thai-ha-phuong-lang-ha-prj-song-hong-park-view/165-duplex-220m2-4pn-do-eu-tre-trung-hien-dai-pr16649649	Cho thuê chung cư 165 Thái Hà, căn duplex 220m2, 4PN, đồ EU trẻ trung, hiện đại	Cho thuê căn hộ chung cư tại Sông Hồng Park View - Quận Đống Đa - Hà Nội	https://file4.batdongsan.com.vn/resize/745x510/2018/07/03/20180703112716-ea87_wm.jpg	188m²	18 triệu/tháng
https://batdongsan.com.vn//cho-thue-can-ho-chung-cu-duong-hong-ha-phuong-9-12-prj-orchard-garden/gap-ch-orcrd-128-phu-nhuan-2p-14-5tr-th-0706679167-nguyen-pr19088845	CẦN CHO THUÊ GẤP CH ORCHARD GARDEN-128 HỒNG HÀ-PHÚ NHUẬN, 2P,14.5tr/th,0706679167 NGUYÊN	Cho thuê căn hộ chung cư tại Orchard Garden - Quận Phú Nhuận - Hồ Chí Minh	https://file4.batdongsan.com.vn/resize/745x510/2019/01/03/20190103094903-ecb5_wm.jpg	74m²	14.5 triệu/tháng
https://batdongsan.com.vn//cho-thue-can-ho-chung-cu-duong-bo-bao-tan-thang-phuong-son-ky-prj-celadon-city/2-png-ngu-gia-tot-pr19053145	Cho thuê căn hộ 2 phòng ngủ Celadon giá tốt	Cho thuê căn hộ chung cư tại Celadon City - Quận Tân Phú - Hồ Chí Minh	https://file4.batdongsan.com.vn/resize/745x510/2018/12/29/20181229111607-66e1_wm.jpg	70m²	8.5 triệu/tháng
https://batdongsan.com.vn//cho-thue-can-ho-chung-cu-duong-dien-bien-phu-phuong-22-prj-vinhomes-central-park/chuyen-ch-1-2-3-4pn-gia-tot-nhat-landmark-81-gia-tu-30tr-pr20247057	Chuyên cho thuê CH Vinhomes Central Park căn 1-2-3-4pn, giá tốt nhất. Landmark 81 giá từ 30tr	Cho thuê căn hộ chung cư tại Vinhomes Central Park - Quận Bình Thạnh - Hồ Chí Minh	https://file4.batdongsan.com.vn/resize/745x510/2019/04/10/20190410144424-8b42_wm.jpg	78m²	22 triệu/tháng
https://batdongsan.com.vn//cho-thue-can-ho-chung-cu-duong-nguyen-huu-canh-phuong-22-prj-vinhomes-central-park/chuyen-va-officetel-toa-landmark-81-tu-1pn-4pn-du-an-vinmes-park-pr20232348	Chuyên cho thuê căn hộ và officetel tòa Landmark 81 từ 1PN - 4PN dự án Vinhomes Central Park	Cho thuê căn hộ chung cư tại Vinhomes Central Park - Quận Bình Thạnh - Hồ Chí Minh	https://file4.batdongsan.com.vn/resize/745x510/2019/04/09/20190409170716-c54a_wm.jpg	68m²	35 triệu/tháng
https://batdongsan.com.vn//cho-thue-can-ho-chung-cu-duong-dien-bien-phu-phuong-22-prj-vinhomes-central-park/chuyen-1-4pn-gia-tot-nhat-thi-truong-view-cuc-dep-call-0911-727-678-pr19618371	Chuyên cho thuê Vinhomes Landmark81, căn 1-4PN, giá tốt nhất thị trường, view cực đẹp	Cho thuê căn hộ chung cư tại Vinhomes Central Park - Quận Bình Thạnh - Hồ Chí Minh	https://file4.batdongsan.com.vn/resize/745x510/2019/03/11/XSx6mzf6/20190311090253-90d9.jpg	56m²	28 triệu/tháng
https://batdongsan.com.vn//cho-thue-can-ho-chung-cu-duong-dien-bien-phu-phuong-22-prj-vinhomes-central-park/chuyen-1-2-3pn-gia-tot-tu-van-dung-nhu-cau-trung-thuc-0902929568-dung-pr18001115	Chuyên cho thuê Vinhomes 1 - 2 - 3PN giá tốt, tư vấn đúng nhu cầu, trung thực, 0902929568 Dũng	Cho thuê căn hộ chung cư tại Vinhomes Central Park - Quận Bình Thạnh - Hồ Chí Minh	https://file4.batdongsan.com.vn/resize/745x510/2018/10/12/20181012151220-6b22_wm.jpg	56m²	15 triệu/tháng
https://batdongsan.com.vn//cho-thue-can-ho-chung-cu-pho-thai-ha-phuong-lang-ha-prj-song-hong-park-view/85m2-2-pn-tai-165-ng-gia-12tr-tng-pr18032122	Cho thuê căn hộ 86m2 - 2 PN tại 165 Thái Hà, Sông Hồng Park View, giá 12tr/tháng	Cho thuê căn hộ chung cư tại Sông Hồng Park View - Quận Đống Đa - Hà Nội	https://file4.batdongsan.com.vn/resize/745x510/2018/10/15/20181015172711-5763_wm.jpg	86m²	12 triệu/tháng
https://batdongsan.com.vn//cho-thue-can-ho-chung-cu-pho-ton-duc-thang-phuong-ben-nghe-prj-vinhomes-golden-river-ba-son/vinmes-quan-1-dt-69m2-gia-1200-bao-phi-view-dep-pr20393150	Cho thuê căn hộ Vinhomes Golden River, Tôn Đức Thắng, quận 1, DT 69m2, 28 tr/th bao phí view đẹp	Cho thuê căn hộ chung cư tại Vinhomes Golden River Ba Son - Quận 1 - Hồ Chí Minh	https://file4.batdongsan.com.vn/resize/745x510/2019/04/19/20190419203131-8e8d_wm.jpg	69m²	28 triệu/tháng
https://batdongsan.com.vn//cho-thue-can-ho-chung-cu-pho-lang-ha-phuong-lang-ha-prj-sky-city-towers-88-lang-ha/o-88-dong-da-hn-108m2-2pn-full-rat-dep-15-tr-th-0902237552-pr16023025	Cho thuê chung cư Sky City ở 88 Láng Hạ, Đống Đa, HN, 108m2, 2PN, full rất đẹp, 15 tr/th 0902237552	Cho thuê căn hộ chung cư tại Sky City Towers-88 Láng Hạ - Quận Đống Đa - Hà Nội	https://file4.batdongsan.com.vn/resize/745x510/2018/05/16/20180516143536-5496_wm.jpg	108m²	15 triệu/tháng
https://batdongsan.com.vn//cho-thue-can-ho-chung-cu-duong-cao-lo-phuong-4-15-prj-topaz-city/95-57m2-3pn-2wc-gia-10-tr-thang-lh-0936-266-744-pr19350544	Cho thuê căn hộ Topaz City, 95,57m2, 3PN, 2WC, giá 10 tr/tháng, LH: 0936 266 744	Cho thuê căn hộ chung cư tại Topaz City - Quận 8 - Hồ Chí Minh	https://file4.batdongsan.com.vn/resize/745x510/2019/02/14/20190214151414-ed11_wm.jpg	95.57m²	10 triệu/tháng
https://batdongsan.com.vn//cho-thue-can-ho-chung-cu-duong-hong-ha-phuong-9-12-prj-orchard-garden/1pn-8tr-th-full-nt-10tr-th-2pn-14tr-th-full-nt-16tr-th-3pn-129m2-17tr-pr18211264	Cho thuê Orchard Garden 1PN 8tr/th, full NT 10tr/th, 2PN 14tr/th, full NT 16tr/th, 3PN 129m2 17tr	Cho thuê căn hộ chung cư tại Orchard Garden - Quận Phú Nhuận - Hồ Chí Minh	https://file4.batdongsan.com.vn/resize/745x510/2018/10/28/20181028070020-a440_wm.jpg	42m²	10 triệu/tháng
https://batdongsan.com.vn//cho-thue-can-ho-chung-cu-pho-vu-ngoc-phan-3/cao-cap-2-png-ngu-o-giao-lang-ha-tran-duy-hung-yen-a-pr9143420	Căn hộ chung cư cao cấp 2 phòng ngủ ở Vũ Ngọc Phan (giao Láng Hạ- Trần Duy Hưng- Yên Hòa)	Cho thuê căn hộ chung cư tại Phố Vũ Ngọc Phan - Quận Đống Đa - Hà Nội	nan	55m²	4 triệu/tháng
https://batdongsan.com.vn//cho-thue-can-ho-chung-cu-pho-le-trong-tan-phuong-phu-la-prj-van-phu-victoria/chcc-v2-ha-dong-96m2-2pn-2vs-co-ban-7-trieu-thang-pr20858910	CHCC V2 Victoria Văn Phú, Hà Đông, 96m2, 2PN, 2VS, cơ bản, 7 triệu/tháng	Cho thuê căn hộ chung cư tại Văn Phú Victoria - Quận Hà Đông - Hà Nội	nan	96m²	7 triệu/tháng
